2;ФУНКЦИОНАЛЬНАЯ ДИАГНОСТИКА;;ФЛЮОРОГРАФИЯ  - одна проекция;;;450;;;
2;ФУНКЦИОНАЛЬНАЯ ДИАГНОСТИКА;;ФЛЮОРОГРАФИЯ  - две  проекции;;;800;;;
2;ФУНКЦИОНАЛЬНАЯ ДИАГНОСТИКА;;НЕЙРОСОНОГРАФИЯ (УЗИ головного мозга);;;1350;;;
2;ФУНКЦИОНАЛЬНАЯ ДИАГНОСТИКА;;ЭХОКАРДИОГРАФИЯ (УЗИ сердца);;;1750;;;
2;ФУНКЦИОНАЛЬНАЯ ДИАГНОСТИКА;;ЭКГ (электрокардиограмма) без расшифровки;;;500;;;
2;ФУНКЦИОНАЛЬНАЯ ДИАГНОСТИКА;;ЭКГ (электрокардиограмма) с расшифровкой;;;900;;;
2;ФУНКЦИОНАЛЬНАЯ ДИАГНОСТИКА;;ЭКГ (электрокардиограмма) с расшифровкой повторная (до 2-х недель);;;600;;;
2;ФУНКЦИОНАЛЬНАЯ ДИАГНОСТИКА;;ЭКГ (электрокардиограмма) с нагрузкой;;;1300;;;
2;ФУНКЦИОНАЛЬНАЯ ДИАГНОСТИКА;;ХОЛТЕР — суточное мониторирование электрокардиограммы;;;2750;;;
2;ФУНКЦИОНАЛЬНАЯ ДИАГНОСТИКА;;СМАД -  суточное мониторирование артериального давления;;;2950;;;
2;ФУНКЦИОНАЛЬНАЯ ДИАГНОСТИКА;;ПУЛЬСОКСИМЕТРИЯ;;;500;;;
2;ФУНКЦИОНАЛЬНАЯ ДИАГНОСТИКА;;ПИКФЛОУМЕТРИЯ;;;400;;;
2;ФУНКЦИОНАЛЬНАЯ ДИАГНОСТИКА;;ФВД (спирография)  скрининг для мед/профосмотров (без расшифровки);;;650;;;
2;ФУНКЦИОНАЛЬНАЯ ДИАГНОСТИКА;;ФВД (спирография) исследование функции внешнего дыхания;;;1200;;;
2;ФУНКЦИОНАЛЬНАЯ ДИАГНОСТИКА;;ФВД (спирография) с  бронхолитиком (фармакотестер  Вентолин);;;1500;;;
2;ФУНКЦИОНАЛЬНАЯ ДИАГНОСТИКА;;ФВД (спирография) с физической нагрузкой;;;2000;;;
2;ФУНКЦИОНАЛЬНАЯ ДИАГНОСТИКА;;АУДИОМЕТРИЯ (исследование слуха) скрининг для мед/профосмотров;;;650;;;
2;ФУНКЦИОНАЛЬНАЯ ДИАГНОСТИКА;;АУДИОМЕТРИЯ (исследование слуха);;;2000;;;
2;ФУНКЦИОНАЛЬНАЯ ДИАГНОСТИКА;;ЭЭГ (энцефалография) скрининг для мед/профосмотров;;;1200;;;
2;ФУНКЦИОНАЛЬНАЯ ДИАГНОСТИКА;;ЭЭГ (энцефалография);;;2500;;;
2;ФУНКЦИОНАЛЬНАЯ ДИАГНОСТИКА;;ЦИСТОСКОПИЯ диагностическая женщины;;;3000;;;
2;ФУНКЦИОНАЛЬНАЯ ДИАГНОСТИКА;;ЦИСТОСКОПИЯ диагностическая мужчины;;;4000;;;
2;ФУНКЦИОНАЛЬНАЯ ДИАГНОСТИКА;;КОЛОНОСКОПИЯ тотальная;;;2800;;;
2;ФУНКЦИОНАЛЬНАЯ ДИАГНОСТИКА;;ГАСТРОСКОПИЯ (анализ на гистологию, хеликобактер Пилори, кандидоз оплачиваются дополнительно);;;1500;;;
2;ФУНКЦИОНАЛЬНАЯ ДИАГНОСТИКА;;РЕКТОРОМАНОСКОПИЯ;;;1500;;;
2;ФУНКЦИОНАЛЬНАЯ ДИАГНОСТИКА;;Выдача результатов исследования на электронный носитель (флешка 8ГБ);;;600;;;
3;ПРОЦЕДУРЫ;;В/М ИНЪЕКЦИЯ (без лекарственного препарата);;;200;;;
3;ПРОЦЕДУРЫ;;П/К  ИНЪЕКЦИЯ (без лекарственного препарата);;;200;;;
3;ПРОЦЕДУРЫ;;В/В ИНЪЕКЦИЯ (без лекарственного препарата);;;320;;;
3;ПРОЦЕДУРЫ;;ВНУТРИСУСТАВНАЯ ИНЪЕКЦИЯ — одна зона (лекарственный препарат оплачивается дополнительно);;;950;;;
3;ПРОЦЕДУРЫ;;БЛОКАДА ПАРАВЕРТЕБРАЛЬНАЯ —  одна зона (лекарственный препарат оплачивается дополнительно);;;1150;;;
3;ПРОЦЕДУРЫ;;ЗАБОР КРОВИ ИЗ ВЕНЫ;;;320;;;
3;ПРОЦЕДУРЫ;;МАЗОК (забор) ИЗ НОСА, ГОРТАНИ -1 ед (анализ оплачивается дополнительно);;;200;;;
3;ПРОЦЕДУРЫ;;МАЗОК (забор)  НА ЗПП (М/Ж) на 1 исследование (анализ оплачивается дополнительно);;;300;;;
3;ПРОЦЕДУРЫ;;АППЛИКАЦИЯ/ИНСТИЛЛЯЦИЯ/ИНСУФЛЯЦИЯ ЛЕКАРСТВЕННЫХ СРЕДСТВ;;;400;;;
3;ПРОЦЕДУРЫ;;НЕБУЛАЙЗЕРНАЯ ИНГАЛЯЦИЯ  (лекарственный препарат оплачивается дополнительно);;;250;;;
3;ПРОЦЕДУРЫ;;НАЛОЖЕНИЕ ШВОВ (1 нить) рана протяженностью до 3 см;;;1300;;;
3;ПРОЦЕДУРЫ;;НАЛОЖЕНИЕ ШВОВ (1 нить) рана протяженностью свыше 3 см;;;2500;;;
3;ПРОЦЕДУРЫ;;СНЯТИЕ ШВОВ;;;450;;;
3;ПРОЦЕДУРЫ;;ПЕРЕВЯЗКА: - чистая рана;;;400;;;
3;ПРОЦЕДУРЫ;;ПЕРЕВЯЗКА:- гнойная рана;;;700;;;
3;ПРОЦЕДУРЫ;;АНЕСТЕЗИЯ:   -   орошение анестетиком;;;300;;;
3;ПРОЦЕДУРЫ;;АНЕСТЕЗИЯ:- Эмла;;;400;;;
3;ПРОЦЕДУРЫ;;АНЕСТЕЗИЯ:- инъекционная;;;500;;;
3;ПРОЦЕДУРЫ;;ЭКСПРЕСС — ДИАГНОСТИКА: - определение уровня сахара в крови;;;250;;;
3;ПРОЦЕДУРЫ;;ЭКСПРЕСС — ДИАГНОСТИКА:- определение холестерина в крови;;;350;;;
3;ПРОЦЕДУРЫ;;ЭКСПРЕСС — ДИАГНОСТИКА:- коагулометрия — определение протромбинового времени;;;800;;;
3;ПРОЦЕДУРЫ;;ЭКСПРЕСС — ДИАГНОСТИКА: - Trop-T кардиоспецифический полипептид тропонина Т;;;1600;;;
3;ПРОЦЕДУРЫ;;ЭКСПРЕСС — ДИАГНОСТИКА:- CARDIAC T концентрация Тропонина Т;;;1700;;;
3;ПРОЦЕДУРЫ;;ЭКСПРЕСС — ДИАГНОСТИКА:- CARDIAC D — Dimer концентрация Д-Димера;;;2100;;;
3;ПРОЦЕДУРЫ;;ВЫДАЧА РЕЗУЛЬТАТОВ ИССЛЕДОВАНИЯ НА ЭЛЕКТРОННЫЙ НОСИТЕЛЬ (флешка 8ГБ);;;600;;;
4;АППАРАТНЫЕ ПРОЦЕДУРЫ;;Лазерная терапия на аппарате «Квантера» (1 процедура по назначению);;;350;;;
4;АППАРАТНЫЕ ПРОЦЕДУРЫ;;УВЧ (1 процедура по назначению);;;350;;;;;;;;;;;;
4;АППАРАТНЫЕ ПРОЦЕДУРЫ;;Магнитотерапия (1 процедура по назначению);;;300;;;
4;АППАРАТНЫЕ ПРОЦЕДУРЫ;;Аппарат «Ручеек» (1 процедура по назначению);;;300;;;
4;АППАРАТНЫЕ ПРОЦЕДУРЫ;;Лазеростимуляция на аппарате «Форбис» (1 процедура по назначению);;;300;;;
4;АППАРАТНЫЕ ПРОЦЕДУРЫ;;Компьютерная программа «Eye» (1 процедура по назначению);;;350;;;
4;АППАРАТНЫЕ ПРОЦЕДУРЫ;;Тренировка аккамодуляции на аппарате «Форбис» (1 процедура по назначению);;;350;;;
5;ИНЪЕКЦИИ ЛЕКАРСТВЕННЫХ ПРЕПАРАТОВ;;АДРЕНАЛИН 0,1 – 1МЛ;;;150;;;
5;ИНЪЕКЦИИ ЛЕКАРСТВЕННЫХ ПРЕПАРАТОВ;;АНАЛЬГИН 500 мг — 2 мл;;;100;;;
5;ИНЪЕКЦИИ ЛЕКАРСТВЕННЫХ ПРЕПАРАТОВ;;АТРОПИА СУЛЬФАТ  1 мг — 1 мл;;;100;;;
5;ИНЪЕКЦИИ ЛЕКАРСТВЕННЫХ ПРЕПАРАТОВ;;БАРАЛГИН 500 мг — 5 мл;;;300;;;
5;ИНЪЕКЦИИ ЛЕКАРСТВЕННЫХ ПРЕПАРАТОВ;;ВИКАСОЛ 10 мг — 1 мл;;;100;;;
5;ИНЪЕКЦИИ ЛЕКАРСТВЕННЫХ ПРЕПАРАТОВ;;ВОДА ДЛЯ ИНЪЕКЦИЙ  2 мл.;;;100;;;
5;ИНЪЕКЦИИ ЛЕКАРСТВЕННЫХ ПРЕПАРАТОВ;;ГЛЮКОЗА 40% - 10 мл;;;100;;;
5;ИНЪЕКЦИИ ЛЕКАРСТВЕННЫХ ПРЕПАРАТОВ;;ДЕКСАМЕТАЗОН 4 мг- 1 мл;;;100;;;
5;ИНЪЕКЦИИ ЛЕКАРСТВЕННЫХ ПРЕПАРАТОВ;;ДИБАЗОЛ 10 мг — 1 мл;;;100;;;
5;ИНЪЕКЦИИ ЛЕКАРСТВЕННЫХ ПРЕПАРАТОВ;;ДИКЛОФЕНАК 25 мг — 3 мл;;;150;;;
5;ИНЪЕКЦИИ ЛЕКАРСТВЕННЫХ ПРЕПАРАТОВ;;ДИМЕДРОЛ 10 мг — 1 мл;;;100;;;
5;ИНЪЕКЦИИ ЛЕКАРСТВЕННЫХ ПРЕПАРАТОВ;;ДИОКСИДИН 10 мг — 10 мл ;;;300;;;
5;ИНЪЕКЦИИ ЛЕКАРСТВЕННЫХ ПРЕПАРАТОВ;;ДИПРОСПАН 1 мл;;;800;;;
5;ИНЪЕКЦИИ ЛЕКАРСТВЕННЫХ ПРЕПАРАТОВ;;ДИЦИНОН 125 мг — 2 мл;;;150;;;
5;ИНЪЕКЦИИ ЛЕКАРСТВЕННЫХ ПРЕПАРАТОВ;;КЕТОРОЛ 30 мг — 1 мл;;;150;;;
5;ИНЪЕКЦИИ ЛЕКАРСТВЕННЫХ ПРЕПАРАТОВ;;КИСЛОТА АСКОРБИНОВАЯ 50 мг — 2 мл;;;100;;;
5;ИНЪЕКЦИИ ЛЕКАРСТВЕННЫХ ПРЕПАРАТОВ;;КОРГЛИКАРД 0,6 мг — 1 мл;;;150;;;
5;ИНЪЕКЦИИ ЛЕКАРСТВЕННЫХ ПРЕПАРАТОВ;;КОРДИАМИН  250 мг — 1 мл;;;150;;;
5;ИНЪЕКЦИИ ЛЕКАРСТВЕННЫХ ПРЕПАРАТОВ;;ЛАЗИКС 20 мг — 2 мл;;;100;;;
5;ИНЪЕКЦИИ ЛЕКАРСТВЕННЫХ ПРЕПАРАТОВ;;ЛИДОКАИНА ГИДРОХЛОРИД 20 мг — 2 мл;;;100;;;
5;ИНЪЕКЦИИ ЛЕКАРСТВЕННЫХ ПРЕПАРАТОВ;;МАГНИЯ СУЛЬФАТ 250 мг — 5 мл;;;100;;;
5;ИНЪЕКЦИИ ЛЕКАРСТВЕННЫХ ПРЕПАРАТОВ;;НО – ШПА 40 мг — 2 мл;;;150;;;
5;ИНЪЕКЦИИ ЛЕКАРСТВЕННЫХ ПРЕПАРАТОВ;;НОВОКАИН 2%  - 5/10 мл;;;100;;;
5;ИНЪЕКЦИИ ЛЕКАРСТВЕННЫХ ПРЕПАРАТОВ;;ПАПАВЕРИН 2% - 2 мл;;;100;;;
5;ИНЪЕКЦИИ ЛЕКАРСТВЕННЫХ ПРЕПАРАТОВ;;ПИПОЛЬФЕН 25 мг — 2 мл;;;400;;;
5;ИНЪЕКЦИИ ЛЕКАРСТВЕННЫХ ПРЕПАРАТОВ;;ПЛАТИФИЛЛИН 2 мг — 1 мл;;;100;;;
5;ИНЪЕКЦИИ ЛЕКАРСТВЕННЫХ ПРЕПАРАТОВ;;ПРЕДНИЗОЛОН 30 мг — 1 мл;;;150;;;
5;ИНЪЕКЦИИ ЛЕКАРСТВЕННЫХ ПРЕПАРАТОВ;;ПРОЗЕРИН 0,5 мг - 1 мл;;;150;;;
5;ИНЪЕКЦИИ ЛЕКАРСТВЕННЫХ ПРЕПАРАТОВ;;СА ГЛЮКОНАТ 10% - 5/10 мл;;;150;;;
5;ИНЪЕКЦИИ ЛЕКАРСТВЕННЫХ ПРЕПАРАТОВ;;СУПРАСТИН 20 мг — 1 мл;;;200;;;
5;ИНЪЕКЦИИ ЛЕКАРСТВЕННЫХ ПРЕПАРАТОВ;;ТАВЕГИЛ  1 мг — 2 мл;;;300;;;
5;ИНЪЕКЦИИ ЛЕКАРСТВЕННЫХ ПРЕПАРАТОВ;;ТИОСУЛЬФАТ НАТРИЯ 30 мг — 10 мл;;;100;;;
5;ИНЪЕКЦИИ ЛЕКАРСТВЕННЫХ ПРЕПАРАТОВ;;ТРЕНТАЛ 20 мг-5 мл;;;200;;;
5;ИНЪЕКЦИИ ЛЕКАРСТВЕННЫХ ПРЕПАРАТОВ;;ФИЗРАСТВОР 09 % - 10 мл;;;100;;;
5;ИНЪЕКЦИИ ЛЕКАРСТВЕННЫХ ПРЕПАРАТОВ;;ФИЗРАСТВОР 09 % - 200 мл;;;150;;;
5;ИНЪЕКЦИИ ЛЕКАРСТВЕННЫХ ПРЕПАРАТОВ;;ФИЗРАСТВОР 09 % - 400 мл;;;200;;;
5;ИНЪЕКЦИИ ЛЕКАРСТВЕННЫХ ПРЕПАРАТОВ;;ЦЕРУКАЛ 5 мг-2 мл;;;150;;;
5;ИНЪЕКЦИИ ЛЕКАРСТВЕННЫХ ПРЕПАРАТОВ;;ЦЕФТРИАКСОН 1г.- флакон;;;150;;;
5;ИНЪЕКЦИИ ЛЕКАРСТВЕННЫХ ПРЕПАРАТОВ;;ЭУФИЛЛИН 2,4% - 5 мл;;;100;;;
6;ГИНЕКОЛОГИЯ;;Консультация по бесплодию;;;1450;;;
6;ГИНЕКОЛОГИЯ;;Постановка спирали (спираль пациента);;;2500;;;
6;ГИНЕКОЛОГИЯ;;Удаление спирали: простое;;;1000;;;
6;ГИНЕКОЛОГИЯ;;Удаление спирали: сложное ;;;2000;3000;;
6;ГИНЕКОЛОГИЯ;;Постановка/удаление влагалищного кольца ( без стоимости кольца);;;400;;;
6;ГИНЕКОЛОГИЯ;;Массаж гинекологический (15 мин);;;1000;;;
6;ГИНЕКОЛОГИЯ;;Гидротубация с введением лекарственного препарата (лекарственный препарат оплачивается дополнительно);;;1300;;;
6;ГИНЕКОЛОГИЯ;;Взятие гинекологического мазка на 1 исследование (стоимость анализа оплачивается дополнительно);;;300;;;
6;ГИНЕКОЛОГИЯ;;Взятие гинекологического мазка на 2 исследования (стоимость анализов оплачивается дополнительно);;;400;;;
6;ГИНЕКОЛОГИЯ;;Взятие гинекологического мазка на 3 и более исследований (стоимость анализов оплачивается отдельно);;;500;;;
6;ГИНЕКОЛОГИЯ;;Пайпель — диагностика (забор био-материала) (стоимость гистологического исследования оплачивается дополнительно);;;2200;;;
6;ГИНЕКОЛОГИЯ;;Биопсия  (забор био-материала) (стоимость гистологического исследования оплачивается дополнительно);;;2100;;;
6;ГИНЕКОЛОГИЯ;;Кольпоскопия (расширенная + вульвоскопия) — во время приема;;;1200;;;
6;ГИНЕКОЛОГИЯ;;Кольпоскопия (расширенная + вульвоскопия) — как отдельная процедура;;;1450;;;
6;ГИНЕКОЛОГИЯ;;Лечение  патологии шейки матки радиоволновое (Сургитрон);;;3500;;;
6;ГИНЕКОЛОГИЯ;;Криотерапия патологии шейки матки;;;3500;;;
6;ГИНЕКОЛОГИЯ;;Коагуляция биохимическая эрозии шейки матки (солковагин);;;2400;;;
6;ГИНЕКОЛОГИЯ;;Эксцизия шейки матки радиоволновая (Сургитрон)  (стоимость гистологического исследования оплачивается дополнительно);;;4500;;;
6;ГИНЕКОЛОГИЯ;;Вскрытие абсцесса бартолиниевой железы;;;3500;;;
6;ГИНЕКОЛОГИЯ;;Вскрытие кист шейки матки;;;1700;;;
6;ГИНЕКОЛОГИЯ;; Удаление новообразований аногенитальной области (Сургитрон):- кондилома до 0,5 см. (1ед.);;;300;;;
6;ГИНЕКОЛОГИЯ;;Удаление новообразований аногенитальной области (Сургитрон):   кондилома   до 0,5 см.  свыше 10 ед. (1 ед.);;;200;;;
6;ГИНЕКОЛОГИЯ;;Удаление новообразований аногенитальной области (Сургитрон):    кондилома до 0,5 см.  свыше 20 ед. (1 ед.);;;150;;;
6;ГИНЕКОЛОГИЯ;; Удаление новообразований аногенитальной области (Сургитрон):- кондилома свыше 0,5 см. (1ед.);;;500;;;
6;ГИНЕКОЛОГИЯ;;Удаление новообразований аногенитальной области (Сургитрон):   кондилома свыше 0,5 см.  свыше 10 ед. (1 ед.);;;400;;;
6;ГИНЕКОЛОГИЯ;;Удаление новообразований аногенитальной области (Сургитрон):    кондилома свыше 0,5 см. свыше 20 ед. (1 ед.);;;300;;;
6;ГИНЕКОЛОГИЯ;;Удаление новообразований аногенитальной области (Сургитрон):- бородавка до 0,5 см. (1 ед);;;700;;;
6;ГИНЕКОЛОГИЯ;;Удаление новообразований аногенитальной области (Сургитрон):   - бородавка до 0,5 см.свыше 0, 5 см. (1 ед.);;;1000;;;
6;ГИНЕКОЛОГИЯ;;Удаление новообразований аногенитальной области (Сургитрон):- полип цервикального канала (1 ед.);;;2000;;;
6;ГИНЕКОЛОГИЯ;;Выскабливание цервикального канала;;;800;;;
6;ГИНЕКОЛОГИЯ;;Ванночка лечебная влагалищная/введение тампона с лекарственным средством;;;500;;;
6;ГИНЕКОЛОГИЯ;;Анестезия:- орошение анестетиком;;;300;;;
6;ГИНЕКОЛОГИЯ;;Анестезия:- инъекционная;;;500;;;
7; УЗИ ДИАГНОСТИКА;;УЗИ печень/желчный пузырь/поджелудочная железа/селезенка — один орган;;;800;;;
7; УЗИ ДИАГНОСТИКА;;УЗИ лимфатических узлов — 1 группа;;;800;;;
7; УЗИ ДИАГНОСТИКА;;УЗИ брюшной аорты + забрюшинное пространство;;;1400;;;
7; УЗИ ДИАГНОСТИКА;;УЗИ печени и желчного пузыря;;;950;;;
7; УЗИ ДИАГНОСТИКА;;УЗИ желудка и кишечника (дополнительно к п.6 — 8) ;;;750;;;
7; УЗИ ДИАГНОСТИКА;;УЗИ брюшной полости комплекс 1- печень + желчный пузырь + поджелудочная железа;;;1500;;;
7; УЗИ ДИАГНОСТИКА;;УЗИ брюшной полости комплекс 2- печень + желчный пузырь + поджелудочная железа+ селезенка;;;1650;;;
7; УЗИ ДИАГНОСТИКА;;УЗИ брюшной полости комплекс 3 - печень + желчный пузырь + поджелудочная железа + селезенка +почки;;;1900;;;
7; УЗИ ДИАГНОСТИКА;;УЗИ почки/надпочечники/мочевой пузырь/предстательная железа/ — 1 орган;;;800;;;
7; УЗИ ДИАГНОСТИКА;;УЗИ органов мошонки + паховые лимфатические узлы;;;1150;;;
7; УЗИ ДИАГНОСТИКА;;УЗИ мочеполовой системы комплекс 1  - почки + надпочечники;;;1150;;;
7; УЗИ ДИАГНОСТИКА;;УЗИ мочеполовой системы комплекс 2  - почки + мочевой пузырь;;;1350;;;
7; УЗИ ДИАГНОСТИКА;;УЗИ мочеполовой системы комплекс 3 - почки +мочевой пузырь+предстательная железа;;;1500;;;
7; УЗИ ДИАГНОСТИКА;;УЗИ мягких тканей тела, мышечной подкожной клетчатки;;;800;;;
7; УЗИ ДИАГНОСТИКА;;УЗИ околоушных и подчелюстных слюнных желез  ;;;800;;;
7; УЗИ ДИАГНОСТИКА;;УЗИ щитовидной железы с региональными лимфоузлами;;;950;;;
7; УЗИ ДИАГНОСТИКА;; УЗИ молочных желез;;;1150;;;
7; УЗИ ДИАГНОСТИКА;;УЗИ молочных желез с региональными лимфоузлами;;;2000;;;
7; УЗИ ДИАГНОСТИКА;;УЗИ органов малого таза (гинекология);;;1150;;;
7; УЗИ ДИАГНОСТИКА;;УЗИ органов малого таза + трансвагинальный датчик;;;1350;;;
7; УЗИ ДИАГНОСТИКА;;УЗИ — мониторинг фолликула;;;800;;;
7; УЗИ ДИАГНОСТИКА;;Цервикометрия;;;800;;;
7; УЗИ ДИАГНОСТИКА;;УЗИ метросальпингоскопия  - исследование проходимости маточных труб  (исследование проводится совместно с гинекологом);;;3500;;;
7; УЗИ ДИАГНОСТИКА;;УЗИ 1-й триместр беременности (до 12 недель);;;1300;;;
7; УЗИ ДИАГНОСТИКА;;УЗИ 2-й триместр беременности ( 12-28  недель);;;1600;;;
7; УЗИ ДИАГНОСТИКА;;УЗИ 2-й триместр  беременности ( 12-28  недель) 2 плода;;;1900;;;
7; УЗИ ДИАГНОСТИКА;;УЗИ 3-й триместр беременности ( с 28  недели);;;1900;;;
7; УЗИ ДИАГНОСТИКА;;УЗИ 3-й триместр  беременности ( с 28  недели) 2 плода;;;2200;;;
7; УЗИ ДИАГНОСТИКА;;3D, 4D УЗИ плода 1-й триместр (исключение пороков развития) СD с видео записью УЗИ плода — в подарок.;;;2600;;;
7; УЗИ ДИАГНОСТИКА;;3D, 4D УЗИ плода 1-й триместр (исключение пороков развития) СD с видео записью УЗИ плода — в подарок. -  2 плода;;;2900;;;
7; УЗИ ДИАГНОСТИКА;;3D, 4D УЗИ плода 2-й триместр (18-21 неделя) (исключение пороков развития) СD с видео записью УЗИ плода — в подарок.;;;3000;;;
7; УЗИ ДИАГНОСТИКА;; 3D, 4D УЗИ плода 2-й триместр (18-21 неделя) (исключение пороков развития) СD с видео записью УЗИ плода — в подарок.-  2 плода;;;3300;;;
7; УЗИ ДИАГНОСТИКА;;3D, 4D УЗИ плода 3-й триместр (24-36 недель) (исключение пороков развития) СD с видео записью УЗИ плода — в подарок.;;;3400;;;
7; УЗИ ДИАГНОСТИКА;; 3D, 4D УЗИ плода 3-й триместр (24-36 недель) (исключение пороков развития) СD с видео записью УЗИ плода — в подарок.-  2 плода;;;3700;;;
7; УЗИ ДИАГНОСТИКА;;УЗИ сердца (ЭХО КГ);;;1750;;;
7; УЗИ ДИАГНОСТИКА;;УЗИ головного мозга (нейросонография) ;;;1350;;;
7; УЗИ ДИАГНОСТИКА;;УЗИ ТБС (тазобедренные суставы) – дети до 1 года ;;;950;;;
7; УЗИ ДИАГНОСТИКА;;Дуплексное сканирование сосудов шеи экстраниального отдела брахиоцефальных артерий ;;;1900;;;
7; УЗИ ДИАГНОСТИКА;;Дуплексное сканирование вен нижних конечностей (2 ед);;;1900;;;
7; УЗИ ДИАГНОСТИКА;;Дуплексное сканирование артерий нижних конечностей (2 ед);;;1900;;;
7; УЗИ ДИАГНОСТИКА;;Дуплексное сканирование вен верхних конечностей (2 ед);;;1800;;;
7; УЗИ ДИАГНОСТИКА;;Дуплексное сканирование артерий  верхних конечностей (2 ед);;;1800;;;
7; УЗИ ДИАГНОСТИКА;;УЗИ мягких тканей подколенной ямки (диагностика кист Бейкера);;;750;;;
7; УЗИ ДИАГНОСТИКА;;Контроль размеров при функциональных пробах — дополнительно к УЗИ исследованию;;;500;;;
7; УЗИ ДИАГНОСТИКА;;Доплер — дополнительно к УЗИ исследованию;;;1000;;;
7; УЗИ ДИАГНОСТИКА;;Выдача результатов исследования на электронный носитель (флешка 8ГБ);;;600;;;
8;ХИРУРГИЯ;;Внутрисуставная инъекция — одна зона (лекарственный препарат оплачивается дополнительно);;;950;;;
8;ХИРУРГИЯ;;Иссечение рубца с наложением косметического внутрикожного шва  ( до 5 см);;;4000;;;
8;ХИРУРГИЯ;;Удаление вросшего ногтя (1 ед.): - простое;;;1500;;;
8;ХИРУРГИЯ;; Удаление вросшего ногтя (1 ед.):- осложненное;;;2000;;;
8;ХИРУРГИЯ;;Снятие ногтевой пластины;;;1500;;;
8;ХИРУРГИЯ;; Вскрытие гнойника (1 ед.):- фурункул;;;1250;;;
8;ХИРУРГИЯ;; Вскрытие гнойника (1 ед.):- панариций;;;1700;;;
8;ХИРУРГИЯ;; Вскрытие гнойника (1 ед.):- абсцесс;;;2200;;;
8;ХИРУРГИЯ;; Удаление доброкачественных новообразований :- липома, атерома до 0, 5 см. (1 ед.);;;300;;;
8;ХИРУРГИЯ;;   Удаление доброкачественных новообразований :- липома, атеромадо 0, 5 см. (1 ед) от 5 единиц;;;200;;;
8;ХИРУРГИЯ;;  Удаление доброкачественных новообразований :-- липома, атерома до 2,0 см. (1 ед.);;;500;;;
8;ХИРУРГИЯ;;   Удаление доброкачественных новообразований :-   липома, атерома  до 2.0 см. (1 ед) от 5 единиц    ;;;400;;;
8;ХИРУРГИЯ;;  Удаление доброкачественных новообразований :-- липома, атерома свыше  2,0 см. (1 ед.);;;2000;;;
8;ХИРУРГИЯ;;   Удаление доброкачественных новообразований :-  липома, атерома  свыше 2.0 см. (1 ед) от 3 единиц   ;;;1200;;;
8;ХИРУРГИЯ;;  Удаление доброкачественных новообразований :-- фиброма и другие новообразования кожи и мягких тканей (1 ед.)  ( гистологическое исследование   оплачивается дополнительно)    ;;;2000;;;
8;ХИРУРГИЯ;;  Удаление доброкачественных новообразований :-- гигрома (1 ед);;;2000;;;
8;ХИРУРГИЯ;;Перевязка варикозно-расширенной вены нижней конечности (1 нога);;;1200;;;
8;ХИРУРГИЯ;; Перевязка:- чистая рана ;;;400;;;
8;ХИРУРГИЯ;; Перевязка:- гнойная рана ;;;700;;;
8;ХИРУРГИЯ;;Наложение швов (1 нить) рана, протяженностью до 3 см.;;;1300;;;
8;ХИРУРГИЯ;;Наложение швов (1 нить) рана, протяженностью свыше 3 см.;;;2500;;;
8;ХИРУРГИЯ;;Снятие швов;;;450;;;
8;ХИРУРГИЯ;;Аппликация/инстилляция/инсуфляция лекарственных препаратов;;;400;;;
8;ХИРУРГИЯ;;Анестезия:- орошение анестетиком;;;300;;;
8;ХИРУРГИЯ;;Анестезия: - эмла;;;400;;;
8;ХИРУРГИЯ;;Анестезия:- инъекционная;;;500;;;
9;ГАСТРОЭНТЕРОЛОГИЯ;;Гастроскопия (анализ на гистологию, хеликобактер Пилари. Кандидоз оплачивается дополнительно);;;1500;;;
9;ГАСТРОЭНТЕРОЛОГИЯ;;pH метрия (измерение кислотности);;;700;;;
9;ГАСТРОЭНТЕРОЛОГИЯ;;Колоноскопия тотальная ;;;2800;;;
9;ГАСТРОЭНТЕРОЛОГИЯ;;Анестезия: - орошение анестетиком;;;300;;;
9;ГАСТРОЭНТЕРОЛОГИЯ;;Анестезия:- инъекционная;;;500;;;
9;ГАСТРОЭНТЕРОЛОГИЯ;;Выдача результатов исследования на электронный носитель (флешка 8ГБ);;;600;;;
10;ПРОКТОЛОГИЯ;;Ректороманоскопия;;;1500;;;
10;ПРОКТОЛОГИЯ;;Аноскопия;;;1500;;;
10;ПРОКТОЛОГИЯ;;Геморроидальный узел: - латексное лигирование ( 1 ед);;;1500;;;
10;ПРОКТОЛОГИЯ;;Геморроидальный узел:-  фотокоагуляция  ( 1 процедура);;;2000;;;
10;ПРОКТОЛОГИЯ;;Геморроидальный узел:- фотокоагуляция (повторная процедура)                                                ;;;1000;;;
10;ПРОКТОЛОГИЯ;;Геморроидальный узел: - склеротерапия ( 1 ед.);;;1500;;;
10;ПРОКТОЛОГИЯ;;Геморроидальный узел:- иссечение  ( 1 ед);;;1800;;;
10;ПРОКТОЛОГИЯ;;Анальная трещина — лазерное лечение (1 процедура);;;1500;;;
10;ПРОКТОЛОГИЯ;;Наложение швов (1 нить) ранна, протяженностью до 3 см.;;;1300;;;
10;ПРОКТОЛОГИЯ;;Наложение швов (1 нить) ранна, протяженностью свыше 3 см.;;;2500;;;
10;ПРОКТОЛОГИЯ;;Снятие швов;;;450;;;
10;ПРОКТОЛОГИЯ;;Анестезия:- орошение анестетиком;;;300;;;
10;ПРОКТОЛОГИЯ;;Анестезия:- инъекционная;;;500;;;
10;ПРОКТОЛОГИЯ;;Выдача результатов исследования на электронный носитель (флешка 8ГБ);;;600;;;
11;ДЕРМАТОВЕНЕРОЛОГИЯ;;Дерматоскопия ;;;700;;;
11;ДЕРМАТОВЕНЕРОЛОГИЯ;;Трихоскопия;;;2000;;;
11;ДЕРМАТОВЕНЕРОЛОГИЯ;;Мазок (забор)  на ЗПП (м/ж) на 1 исследование (анализ оплачивается дополнительно);;;300;;;
11;ДЕРМАТОВЕНЕРОЛОГИЯ;;Соскоб на  демодекоз  (анализ оплачивается дополнительно);;;650;;;
11;ДЕРМАТОВЕНЕРОЛОГИЯ;;Соскоб на грибы: на 1 исследование (анализ оплачивается дополнительно) - кожа;;;300;;;
11;ДЕРМАТОВЕНЕРОЛОГИЯ;;Соскоб на грибы: на 1 исследование (анализ оплачивается дополнительно) - подногтевое пространство;;;400;;;
11;ДЕРМАТОВЕНЕРОЛОГИЯ;; Соскоб на грибы: на 1 исследование (анализ оплачивается дополнительно)- волосистая часть головы;;;500;;;
11;ДЕРМАТОВЕНЕРОЛОГИЯ;;Криомассаж:- лицо;;;400;;;
11;ДЕРМАТОВЕНЕРОЛОГИЯ;;Криомассаж: - воротниковая зона;;;600;;;
11;ДЕРМАТОВЕНЕРОЛОГИЯ;;Криомассаж:- волосистая часть головы;;;800;;;
11;ДЕРМАТОВЕНЕРОЛОГИЯ;;Криодеструкция доброкачественных новообразований: - папилломы, моллюски и др. до 0,5 см (1 ед.) ;;;300;;;
11;ДЕРМАТОВЕНЕРОЛОГИЯ;;Криодеструкция доброкачественных новообразований: - . папилломы, моллюски и др. до 0,5 см. свыше 10 ед. -  1 ед. ;;;200;;;
11;ДЕРМАТОВЕНЕРОЛОГИЯ;;Криодеструкция доброкачественных новообразований: -  папилломы, моллюски и др.  свыше 0,5 см. (1 ед.);;;400;;;
11;ДЕРМАТОВЕНЕРОЛОГИЯ;;Криодеструкция доброкачественных новообразований: -   папилломы, моллюски и др. свыше  0,5 см. свыше 10 ед. -  1 ед. ;;;300;;;
11;ДЕРМАТОВЕНЕРОЛОГИЯ;;Криодеструкция доброкачественных новообразований: - бородавка до о,5 см.(1 ед.);;;400;;;
11;ДЕРМАТОВЕНЕРОЛОГИЯ;;Криодеструкция доброкачественных новообразований: - бородавка свыше 0,5 см (1 ед.);;;600;;;
11;ДЕРМАТОВЕНЕРОЛОГИЯ;;Удаление доброкачественных новообразований (Сургитрон): - папиллома, моллюск, кондилома до 0,5 см (1 ед.) ;;;300;;;
11;ДЕРМАТОВЕНЕРОЛОГИЯ;;Удаление доброкачественных новообразований (Сургитрон):-  папиллома, моллюск, кондилома.  до 0,5 см.(1 ед.) от 10 единиц;;;200;;;
11;ДЕРМАТОВЕНЕРОЛОГИЯ;;Удаление доброкачественных новообразований (Сургитрон):-  папиллома, моллюск, кондилома  свыше 0,5 см. (1 ед.);;;500;;;
11;ДЕРМАТОВЕНЕРОЛОГИЯ;;Удаление доброкачественных новообразований (Сургитрон): -  папиллома, моллюск, кондилома свыше 0,5 см.(1 ед.) от 10 единиц;;;400;;;
11;ДЕРМАТОВЕНЕРОЛОГИЯ;;Удаление доброкачественных новообразований (Сургитрон): - бородавка до 0,5 см. (1 ед.);;;700;;;
11;ДЕРМАТОВЕНЕРОЛОГИЯ;;Удаление доброкачественных новообразований (Сургитрон):-  бородавка свыше 0,5 см. (1 ед.);;;1000;;;
11;ДЕРМАТОВЕНЕРОЛОГИЯ;;Удаление доброкачественных новообразований (Сургитрон):- кератома  до 0,5 см. (1 ед);;;600;;;
11;ДЕРМАТОВЕНЕРОЛОГИЯ;;Удаление доброкачественных новообразований (Сургитрон):- кератома  до 5 см. (1 ед);;;1000;;;
11;ДЕРМАТОВЕНЕРОЛОГИЯ;;Удаление доброкачественных новообразований (Сургитрон):- кератома  свыше 5 см. (1 ед);;;1500;;;
11;ДЕРМАТОВЕНЕРОЛОГИЯ;;Аппликация/инстилляция/инсуфляция лекарственных препаратов;;;400;;;
11;ДЕРМАТОВЕНЕРОЛОГИЯ;;Наложение швов (1 нить) рана, протяженностью до 3 см.;;;1300;;;
11;ДЕРМАТОВЕНЕРОЛОГИЯ;;Наложение швов (1 нить) рана, протяженностью свыше 3 см.;;;2500;;;
11;ДЕРМАТОВЕНЕРОЛОГИЯ;;Снятие швов;;;450;;;
11;ДЕРМАТОВЕНЕРОЛОГИЯ;;Перевязка:- чистая рана ;;;400;;;
11;ДЕРМАТОВЕНЕРОЛОГИЯ;;Перевязка:- гнойная рана ;;;700;;;
11;ДЕРМАТОВЕНЕРОЛОГИЯ;;Анестезия: - орошение анестетиком;;;300;;;
11;ДЕРМАТОВЕНЕРОЛОГИЯ;;Анестезия:- эмла;;;400;;;
11;ДЕРМАТОВЕНЕРОЛОГИЯ;;Анестезия:- инъекционная;;;500;;;
12;УРОЛОГИЯ;;Уролог — прием первичный ;;;1300;;;
12;УРОЛОГИЯ;;Уролог — прием повторный  ;;;1000;;;
12;УРОЛОГИЯ;;Урофлуометрия  ;;;550;;;
12;УРОЛОГИЯ;;Массаж простаты лечебный (1 сеанс);;;1250;;;
12;УРОЛОГИЯ;;Удаление новообразований аногенитальная области (Сургитрон) - кондилома до 0, 5 см. (1 ед.);;;300;;;
12;УРОЛОГИЯ;;Удаление новообразований аногенитальная области (Сургитрон)  - кондилома до 0,5 см.(1 ед.) от 10 единиц;;;200;;;
12;УРОЛОГИЯ;;Удаление новообразований аногенитальная области (Сургитрон) - кондилома  свыше 0, 5 см. (1 ед.);;;500;;;
12;УРОЛОГИЯ;;Удаление новообразований аногенитальная области (Сургитрон)  - кондилома  свыше 0,5 см. (1 ед.)  от 10 единиц;;;400;;;
12;УРОЛОГИЯ;;Удаление новообразований аногенитальная области (Сургитрон) - бородавка до 0,5 см. (1 ед.);;;700;;;
12;УРОЛОГИЯ;;Удаление новообразований аногенитальная области (Сургитрон)  - бородавка  свыше 0,5 см. (1 ед.);;;1000;;;
12;УРОЛОГИЯ;;Цистоскопия диагностическая:- женщины;;;3000;;;
12;УРОЛОГИЯ;;Цистоскопия диагностическая:- мужчины;;;4000;;;
12;УРОЛОГИЯ;;Взятие мазка для анализа из уретры на ЗПП;;;300;;;
12;УРОЛОГИЯ;;Аппликация/инстилляция/инсуфляция лекарственных средств  (1);;;400;;;
12;УРОЛОГИЯ;;Инстилляция лечебная (1);;;600;;;
12;УРОЛОГИЯ;;Анестезия: - орошение анестетиком;;;300;;;
12;УРОЛОГИЯ;;Анестезия: - Эмла;;;400;;;
12;УРОЛОГИЯ;;Анестезия: - Инъекционная ;;;500;;;
13;ОТОЛАРИНГОЛОГИЯ;;Аппликация/инстилляция/инсуфляция лекарственных средств;;;400;;;
13;ОТОЛАРИНГОЛОГИЯ;;Анемизация слизистой носа;;;400;;;
13;ОТОЛАРИНГОЛОГИЯ;;Тампонада передняя ;;;1300;;;
13;ОТОЛАРИНГОЛОГИЯ;;Тампонада  - задняя ;;;2500;;;
13;ОТОЛАРИНГОЛОГИЯ;;Удаление переднего/заднего тампона;;;550;;;
13;ОТОЛАРИНГОЛОГИЯ;;Пункция верхнечелюстной пазухи ( с 1 стороны);;;1300;;;
13;ОТОЛАРИНГОЛОГИЯ;;Промывание верхнечелюстной пазухи раствором антисептика / носа;;;400;;;
13;ОТОЛАРИНГОЛОГИЯ;;Промывание  -  верхнечелюстной пазухи через катетер;;;850;;;
13;ОТОЛАРИНГОЛОГИЯ;;Промывание  - лакун небных миндалин;;;850;;;
13;ОТОЛАРИНГОЛОГИЯ;;Промывание - носа методом перемещения (Кукушка);;;750;;;
13;ОТОЛАРИНГОЛОГИЯ;;Удаление инородного тела из носа или уха;;;1300;;;
13;ОТОЛАРИНГОЛОГИЯ;;Вливание  лекарственных средств эндоларингеально;;;750;;;
13;ОТОЛАРИНГОЛОГИЯ;;Блокада эндоназальная ;;;750;;;
13;ОТОЛАРИНГОЛОГИЯ;;Блокада  - эндоназальная подслизистая ;;;750;;;
13;ОТОЛАРИНГОЛОГИЯ;;Блокада - стенки глотки ;;;750;;;
13;ОТОЛАРИНГОЛОГИЯ;;Удаление серной пробки  (1 сторона);;;750;;;
13;ОТОЛАРИНГОЛОГИЯ;;Продувание среднего уха;;;750;;;
13;ОТОЛАРИНГОЛОГИЯ;;Катетеризация слуховой трубы  (1 сторона);;;1150;;;
13;ОТОЛАРИНГОЛОГИЯ;;Туалет уха при мезотимпаните, остром гнойном отите;;;850;;;
13;ОТОЛАРИНГОЛОГИЯ;;Акуметрия;;;300;;;
13;ОТОЛАРИНГОЛОГИЯ;;ПХО и ушивание раны ЛОР – органов;;;2850;;;
13;ОТОЛАРИНГОЛОГИЯ;;Вскрытие абсцесса, гематомы перегородки носа;;;2850;;;
13;ОТОЛАРИНГОЛОГИЯ;;Вскрытие -  паратонзилярного абсцесса;;;2850;;;
13;ОТОЛАРИНГОЛОГИЯ;;Вскрытие -  фурункула наружнего слухового прохода;;;1900;;;
13;ОТОЛАРИНГОЛОГИЯ;;Вскрытие - абсцесса/гематомы ушной раковины;;;3500;;;
13;ОТОЛАРИНГОЛОГИЯ;;Полипотомия носа ( 1 сторона);;;3500;;;
13;ОТОЛАРИНГОЛОГИЯ;;Репозиция костей носа;;;4300;;;
13;ОТОЛАРИНГОЛОГИЯ;;Повторная ревизия полости паратонзиллярного абсцесса/пространства;;;1750;;;
13;ОТОЛАРИНГОЛОГИЯ;;Биопсия тканей ЛОР органов;;;3400;;;
13;ОТОЛАРИНГОЛОГИЯ;;Парацентез барабанной перепонки;;;1500;;;
13;ОТОЛАРИНГОЛОГИЯ;;Криодеструкция нижних носовых раковин, глоточных миндалин;;;5900;;;
13;ОТОЛАРИНГОЛОГИЯ;;Удаление доброкачественной опухоли глотки (Сургитрон);;;3500;;;
13;ОТОЛАРИНГОЛОГИЯ;;Удаление доброкачественной  опухоли носа (Сургитрон);;;3500;;;
13;ОТОЛАРИНГОЛОГИЯ;; Удаление доброкачественной  опухоли уха (Сургитрон);;;3500;;;
13;ОТОЛАРИНГОЛОГИЯ;;Каустика кровоточащего сосуда 30% раствора серебра;;;1000;;;
13;ОТОЛАРИНГОЛОГИЯ;;Каустика нижних носовых раковин (Сургитрон);;;6300;;;
13;ОТОЛАРИНГОЛОГИЯ;;Каустика  кровоточащего сосуда (Сургитрон);;;1500;;;
13;ОТОЛАРИНГОЛОГИЯ;;Каустика  кровоточащего сосуда с тампонадой (Сургитрон);;;2600;;;
13;ОТОЛАРИНГОЛОГИЯ;;Каустика лимфоидных гранул глотки (Сургитрон);;;3500;;;
13;ОТОЛАРИНГОЛОГИЯ;;Аспирация гноя из миндалин;;;850;;;
13;ОТОЛАРИНГОЛОГИЯ;;Увулопластика (Сургитрон) — лечение храпа;;;6300;;;
13;ОТОЛАРИНГОЛОГИЯ;;Назофарингоскопия;;;500;;;
13;ОТОЛАРИНГОЛОГИЯ;;Лакунотомия (Сургитрон);;;6300;;;
13;ОТОЛАРИНГОЛОГИЯ;;Ларингоскопия;;;1200;;;
13;ОТОЛАРИНГОЛОГИЯ;;Исследование вестибюлярного аппарата на кресле Барани ;;;500;;;
13;ОТОЛАРИНГОЛОГИЯ;;Аудиометрия — исследование слуха (скрининг для мед.-профосмотров);;;650;;;
13;ОТОЛАРИНГОЛОГИЯ;;Аудиометрия  - исследование слуха;;;2000;;;
13;ОТОЛАРИНГОЛОГИЯ;;Эхосинускопия (ультразвуковое исследование гайморовых пазух) дополнительно к приему;;;500;;;
13;ОТОЛАРИНГОЛОГИЯ;;Анестезия: - орошение анестетиком;;;300;;;
13;ОТОЛАРИНГОЛОГИЯ;;Анестезия: - инъекционная;;;500;;;
13;ОТОЛАРИНГОЛОГИЯ;;Выдача результатов исследования на электронный носитель (флешка 8ГБ);;;600;;;
14;ОФТАЛЬМОЛОГИЯ;;Пневмотонометрия;;;400;;;
14;ОФТАЛЬМОЛОГИЯ;;Тонометрия;;;550;;;
14;ОФТАЛЬМОЛОГИЯ;;Офтальмоскопия (расширенный осмотр глазного дна);;;650;;;
14;ОФТАЛЬМОЛОГИЯ;;Скиаскопия;;;550;;;
14;ОФТАЛЬМОЛОГИЯ;;Поля зрения  (один цвет);;;500;;;
14;ОФТАЛЬМОЛОГИЯ;;Рефрактометрия;;;300;;;
14;ОФТАЛЬМОЛОГИЯ;;Объем аккомодации;;;200;;;
14;ОФТАЛЬМОЛОГИЯ;;Цветоощущение;;;200;;;
14;ОФТАЛЬМОЛОГИЯ;;Бинокулярная офтальмоскопия (исследование бинокулярного зрения);;;400;;;
14;ОФТАЛЬМОЛОГИЯ;;Гониоскопия;;;350;;;
14;ОФТАЛЬМОЛОГИЯ;;Удаление инородного тела из конъюктивы;;;1200;;;
14;ОФТАЛЬМОЛОГИЯ;;Удаление инородного тела из роговицы;;;1700;;;
14;ОФТАЛЬМОЛОГИЯ;;Удаление халазиона- инъекционный метод (лекарственный препарат оплачивается дополнительно);;;700;;;
14;ОФТАЛЬМОЛОГИЯ;;Удаление халазиона- оперативный метод;;;2000;;;
14;ОФТАЛЬМОЛОГИЯ;;Удаление новообразований в области глаза (Сургитрон) - липома (1шт);;;300;;;
14;ОФТАЛЬМОЛОГИЯ;;Удаление новообразований в области глаза (Сургитрон) - папиллома до 0,5 см (1 шт);;;300;;;
14;ОФТАЛЬМОЛОГИЯ;;Удаление новообразований в области глаза (Сургитрон) — папиллома  свыше  0,5 см (1 шт);;;500;;;
14;ОФТАЛЬМОЛОГИЯ;;Удаление новообразований в области глаза (Сургитрон) - бородавка до 0, 5 см.(1 шт);;;700;;;
14;ОФТАЛЬМОЛОГИЯ;;Удаление новообразований в области глаза (Сургитрон)   - бородавка свыше 0, 5 см.(1 шт);;;1000;;;
14;ОФТАЛЬМОЛОГИЯ;;Удаление кисты (1 шт);;;1500;;;
14;ОФТАЛЬМОЛОГИЯ;;Анестезия- капельная;;;300;;;
14;ОФТАЛЬМОЛОГИЯ;;Анестезия - Эмла;;;400;;;
14;ОФТАЛЬМОЛОГИЯ;;Анестезия - инъекционная;;;500;;;
14;ОФТАЛЬМОЛОГИЯ;;Аппликация/инстилляция/инсуфляция лекарственных средств;;;400;;;
14;ОФТАЛЬМОЛОГИЯ;;Инъекции под коньюктиву (лекарственный препарат оплачивается дополнительно);;;500;;;
14;ОФТАЛЬМОЛОГИЯ;; Инъекция парабульбарная (лекарственный препарат оплачивается дополнительно);;;800;;;
14;ОФТАЛЬМОЛОГИЯ;;Экспресс-диагностика Tear strips — проба Ширмера (измерение слезообразования);;;300;;;
14;ОФТАЛЬМОЛОГИЯ;;"Аппаратное лечение (курс 7 — 15 процедур)Аппарат ""Ручеек"" (1 сеанс)";;;300;;;
14;ОФТАЛЬМОЛОГИЯ;;Аппаратное лечение (курс 7 — 15 процедур)Магнитотерапия  (1 сеанс);;;350;;;
14;ОФТАЛЬМОЛОГИЯ;;"Аппаратное лечение (курс 7 — 15 процедур)Компьютерная программа ""Eye"" (1 сеанс)";;;350;;;
14;ОФТАЛЬМОЛОГИЯ;;"Аппаратное лечение (курс 7 — 15 процедур) Лазеростимуляция на аппарате ""Форбис"" (1 сеанс)";;;300;;;
14;ОФТАЛЬМОЛОГИЯ;;"Аппаратное лечение (курс 7 — 15 процедур)Тренировка аккамодуляции на аппарате ""Форбис"" (1 сеанс)";;;350;;;
15;МАММОЛОГИЯ;;Расцеживание, обучение правильному кормлению грудью;;;1300;;;
15;МАММОЛОГИЯ;;Массаж лимфодренажный  молочных желез;;;700;;;
15;МАММОЛОГИЯ;;Мазок (забор) из одного соска молочной железы (стоимость анализа оплачивается дополнительно);;;400;;;
15;МАММОЛОГИЯ;;Мазок (забор)   из двух сосков молочной железы  (стоимость анализа оплачивается дополнительно);;;700;;;
15;МАММОЛОГИЯ;;Пункция диагностическая  одного пальпирируемого образования под контролем УЗИ  (стоимость гистологического исследования оплачивается дополнительно);;;4000;;;
15;МАММОЛОГИЯ;;Пункция диагностическая при множественных образованиях каждого последующего пальпирируемого образования под контролем УЗИ ;;;3500;;;
15;МАММОЛОГИЯ;;Пункция диагностическая  одного пальпирируемого образования без УЗИ контроля (стоимость гистологического исследования оплачивается дополнительно);;;3500;;;
15;МАММОЛОГИЯ;;Пункция диагностическая при множественных образованиях каждого последующего пальпирируемого образования без УЗИ контроля;;;2900;;;
15;МАММОЛОГИЯ;;Пункция лечебная  одного образования молочной железы под контролем УЗИ;;;3800;;;
15;МАММОЛОГИЯ;;Пункция лечебная при множественных образованиях каждого последующего образования молочной железы под контролем УЗИ;;;2700;;;
15;МАММОЛОГИЯ;;"Пункция диагностическая лимфатического узла под контролем УЗИ
(стоимость гистологического исследования оплачивается дополнительно)";;;4300;;;
15;МАММОЛОГИЯ;;Исследование пунктатов молочной железы и кожи ;;;850;;;
15;МАММОЛОГИЯ;;Исследование пунктатов других органов и тканей ;;;1100;;;
15;МАММОЛОГИЯ;;Доплер — дополнительно к УЗИ исследованию;;;1000;;;
16;                                        ВАКЦИНОПРОФИЛАКТИКА;;АДС — анатоксин (дифтерия + столбняк);;Россия;500;;;
16;                                        ВАКЦИНОПРОФИЛАКТИКА;;Краснуха вакцина;;Россия;500;;;
16;                                        ВАКЦИНОПРОФИЛАКТИКА;;Корь вакцина;;Россия;500;;;
16;                                        ВАКЦИНОПРОФИЛАКТИКА;;Паротит вакцина;;Россия;500;;;
16;                                        ВАКЦИНОПРОФИЛАКТИКА;;Регевак В  детский — ( гепатит В );;Россия;500;;;
16;                                        ВАКЦИНОПРОФИЛАКТИКА;;Регевак В  взрослый — (гепатит В);;Россия;600;;;
16;                                        ВАКЦИНОПРОФИЛАКТИКА;;ПОЛИОРИКС — ( полиомиелит);;Бельгия;900;;;
16;                                        ВАКЦИНОПРОФИЛАКТИКА;;АКТ-ХИБ ( менингит + эпиглотит);;Франция;900;;;
16;                                        ВАКЦИНОПРОФИЛАКТИКА;;ПНЕВМОВАКС-23 (пневмония);;Нидерланды;5500;;;
16;                                        ВАКЦИНОПРОФИЛАКТИКА;;ПЕНТАКСИМ (дифтерия + столбняк + коклюш + полиомиели + гемофильная инф-я);;Франция;3500;;;
16;                                        ВАКЦИНОПРОФИЛАКТИКА;;ЭнцеВир Нео детский (клещевой энцефалит);;Россия;1200;;;
16;                                        ВАКЦИНОПРОФИЛАКТИКА;;ЭнцеВир взрослый (клещевой энцефалит);;Россия;1200;;;
16;                                        ВАКЦИНОПРОФИЛАКТИКА;;ПРИОРИКС — (корь + паротит + краснуха);;;1000;;;
16;                                        ВАКЦИНОПРОФИЛАКТИКА;;АКДС (дифтерия + коклюш + столбняк);;Россия;500;;;
16;                                        ВАКЦИНОПРОФИЛАКТИКА;;ЭНДЖЕРИКС-В детская (гепатит В);;Бельгия;600;;1;
16;                                        ВАКЦИНОПРОФИЛАКТИКА;;ЭНДЖЕРИКС-В взрослая (гепатит В);;Бельгия;700;;1;
16;                                        ВАКЦИНОПРОФИЛАКТИКА;;Хаврикс 1440 — А взрослый (гепатит А);;;4000;;1;
16;                                        ВАКЦИНОПРОФИЛАКТИКА;;Хаврикс 720 — А детский (гепатит А);;;2300;;1;
16;                                        ВАКЦИНОПРОФИЛАКТИКА;;АЛЬГАВАК М детский (гепатит А);;;1600;;1;
16;                                        ВАКЦИНОПРОФИЛАКТИКА;;Алгавак М взрослый (гепатит А) ;;;2500;;1;
16;                                        ВАКЦИНОПРОФИЛАКТИКА;;ЭНЦЕПУР детский (клещевой энцефалит);;;2500;;1;
16;                                        ВАКЦИНОПРОФИЛАКТИКА;;Энцепур взрослый (клещевой знцефалит);;;2500;;1;
16;                                        ВАКЦИНОПРОФИЛАКТИКА;;ИНФАНРИКС (АаКДС);;Бельгия;1600;;1;
16;                                        ВАКЦИНОПРОФИЛАКТИКА;;ИНФАНРИКС ГЕКСА;;Бельгия;4500;;1;
16;                                        ВАКЦИНОПРОФИЛАКТИКА;;МЕНАКТРА (менингококовая инф-я);;Франция;10200;;1;
16;                                        ВАКЦИНОПРОФИЛАКТИКА;;ТЕТРАКСИМ (АаКДС +ИПВ);;Франция;2200;;1;
16;                                        ВАКЦИНОПРОФИЛАКТИКА;;РОТАТек (ротавирусная инфекция);;;6000;;1;
16;                                        ВАКЦИНОПРОФИЛАКТИКА;;БУБО-М (АДС-М + гепатит В);;;800;;1;
16;                                        ВАКЦИНОПРОФИЛАКТИКА;;БУБО-КОК (КДС + гепатит В);;;700;;1;
16;                                        ВАКЦИНОПРОФИЛАКТИКА;;ХИБЕРИКС (гемофильная инфекция) ;;;0;;1;
16;                                        ВАКЦИНОПРОФИЛАКТИКА;;Стафилококковый анатоксин;;;700;;1;
16;                                        ВАКЦИНОПРОФИЛАКТИКА;;Стафилококковая вакцина;;;900;;1;
16;                                        ВАКЦИНОПРОФИЛАКТИКА;;ВАРИЛРИКС (ветрянная оспа);;Бельгия;6500;;1;
16;                                        ВАКЦИНОПРОФИЛАКТИКА;;Вакцина бруцеллезная;;;600;;1;
16;                                        ВАКЦИНОПРОФИЛАКТИКА;;ВИАНВАК (брюшнотифозная);;;1300;;1;
16;                                        ВАКЦИНОПРОФИЛАКТИКА;;ШИГЕЛЛВАК (дизентерия Зонне);;;2000;;1;
16;                                        ВАКЦИНОПРОФИЛАКТИКА;;Сибиреязвенная вакцина  ;;;0;; ;
16;                                        ВАКЦИНОПРОФИЛАКТИКА;;Чумная вакцина;;;500;;1;
16;                                        ВАКЦИНОПРОФИЛАКТИКА;;Лептоспирозная вакцина;;;1500;;1;
16;                                        ВАКЦИНОПРОФИЛАКТИКА;;КУ-лихорадка М-44 вакцина;;;1500;;1;
16;                                        ВАКЦИНОПРОФИЛАКТИКА;;Желтая лихорадка вакцина ;;;1500;;1;
16;                                        ВАКЦИНОПРОФИЛАКТИКА;;УЛЬТРАВАК (противогриппозная);;;500;;1;
16;                                        ВАКЦИНОПРОФИЛАКТИКА;;СОВИГРИПП (противогриппозная);;;600;;1;
16;                                        ВАКЦИНОПРОФИЛАКТИКА;;ГРИППОЛ ПЛЮС (противогриппозная);;;700;;1;
16;                                        ВАКЦИНОПРОФИЛАКТИКА;;ИНФЛЮВАК (противогриппозная);;;700;;1;
16;                                        ВАКЦИНОПРОФИЛАКТИКА;;ВАКСИГРИПП (противогриппозная);;;800;;1;
16;                                        ВАКЦИНОПРОФИЛАКТИКА;;Анализ крови на чуствительность АТ к дифтерии (скрининг);;;300;;;
16;                                        ВАКЦИНОПРОФИЛАКТИКА;;Анализ крови на чуствительность к кори IgG (скрининг);;;300;;;
16;                                        ВАКЦИНОПРОФИЛАКТИКА;;Забор крови;;;320;;;
16;                                        ВАКЦИНОПРОФИЛАКТИКА;;Инъекция в/м, п/к;;;200;;;
16;                                        ВАКЦИНОПРОФИЛАКТИКА;;Сертификат прививок — бланк + заполнение (с собой амбулаторная карта);;;1000;;;
17;ПСИХИАТРИЯ, НАРКОЛОГИЯ    ;;Заключение об отсутствии заболевания наркоманией №1890 (иностранцы);;;1300;;;
17;ПСИХИАТРИЯ, НАРКОЛОГИЯ    ;;Освидетельствование наркологическое  тест дополнительно (кроме  ф. №003 О/У) ;;;1300;;;
17;ПСИХИАТРИЯ, НАРКОЛОГИЯ    ;;Освидетельствование на состояние опьянения (алкогольного и наркотич.);;;3500;;;
17;ПСИХИАТРИЯ, НАРКОЛОГИЯ    ;;ЭКСПРЕСС- ДИАГНОСТИКА НА АЛКОГОЛЬ И НАРКОТИКИ:- Алкотест — тест на наличие алкоголя (слюна) заключение оплачивается дополнительно;;;200;;;
17;ПСИХИАТРИЯ, НАРКОЛОГИЯ    ;;ЭКСПРЕСС- ДИАГНОСТИКА НА АЛКОГОЛЬ И НАРКОТИКИ: - Анализ паров этанола в выдыхаемом воздухе (Алкотектор PRO-100 touch-M) заключение оплачивается дополнительно;;;500;;;
17;ПСИХИАТРИЯ, НАРКОЛОГИЯ    ;;ЭКСПРЕСС- ДИАГНОСТИКА НА АЛКОГОЛЬ И НАРКОТИКИ: - тест ИХА-3-ТАД-Фактор ( антидепрессанты) заключение оплачивается дополнительно;;;200;;;
17;ПСИХИАТРИЯ, НАРКОЛОГИЯ    ;;ЭКСПРЕСС- ДИАГНОСТИКА НА АЛКОГОЛЬ И НАРКОТИКИ: - тест ИХА-3-Мультифактор (морфин, марихуана, амфетамин) заключение оплачивается дополнительно;;;500;;;
17;ПСИХИАТРИЯ, НАРКОЛОГИЯ    ;;ЭКСПРЕСС- ДИАГНОСТИКА НА АЛКОГОЛЬ И НАРКОТИКИ: - тест ИХА-6-Мультифактор (морфин, марихуана, амфетамин, кокаин, метамфетамин, бензодиазепин) заключение оплачивается дополнительно;;;700;;;
17;ПСИХИАТРИЯ, НАРКОЛОГИЯ    ;;ЭКСПРЕСС- ДИАГНОСТИКА НА АЛКОГОЛЬ И НАРКОТИКИ: - тест ИХА-10-Мультифактор (морфин, марихуана, амфетамин, кокаин, метамфетамин, бензодиазепин, метадон, барбитураты, МДМА, ТАД) заключение оплачивается дополнительно;;;1200;;;
18;РЕФЛЕКСОТЕРАПИЯ (ИГЛОУКАЛЫВАНИЕ)  ;;Рефлексотерапия корпоральная (тело) — 1 сеанс;30;;1300;;;
18;РЕФЛЕКСОТЕРАПИЯ (ИГЛОУКАЛЫВАНИЕ)  ;;Рефлексотерапия  Аурикулотерапия (ушные раковины) — 1 сеанс;30;;1500;;;
18;РЕФЛЕКСОТЕРАПИЯ (ИГЛОУКАЛЫВАНИЕ)  ;;Рефлексотерапия  Су  — Джок терапия ( кисти, стопы) — 1 сеанс;30;;1500;;;
18;РЕФЛЕКСОТЕРАПИЯ (ИГЛОУКАЛЫВАНИЕ)  ;;Рефлексотерапия  Лечение ожирения иглоукалыванием — 1 сеанс;30;;1300;;;
18;РЕФЛЕКСОТЕРАПИЯ (ИГЛОУКАЛЫВАНИЕ)  ;;Рефлексотерапия  Акупунктурный лифтинг (лицо) — омоложение — 1 сеанс;30;;1500;;;
18;РЕФЛЕКСОТЕРАПИЯ (ИГЛОУКАЛЫВАНИЕ)  ;;Рефлексотерапия  Моксатерапия (прогрев акупунктурных точек углем) — 1 сеанс;30;;1300;;;
18;РЕФЛЕКСОТЕРАПИЯ (ИГЛОУКАЛЫВАНИЕ)  ;;Рефлексотерапия ГУА — ША массаж (выведение шлаков при помощи скребкового массажа) — 1 сеанс;;;1500;;;
19;МАНУАЛЬНАЯ ТЕРАПИЯ    ;;Внутрисуставная инъекция — одна зона (лекарственный препарат оплачивается дополнительно);;;950;;;
19;МАНУАЛЬНАЯ ТЕРАПИЯ    ;;Блокада паравертебральная  —  одна зона (лекарственный препарат оплачивается дополнительно);;;1150;;;
20;СПРАВКИ, ПРОФОСМОТРЫ, ЛМК, ОСВИДЕТЕЛЬСТВОВАНИЯ;;Мед.заключение на управление транспортным средством форма № 003-В/у (При себе иметь: заключения из психо- и нарко-диспансеров по месту жительства.): - категории А, А1, В, В1, ВЕ, М;;;1000;;;
20;СПРАВКИ, ПРОФОСМОТРЫ, ЛМК, ОСВИДЕТЕЛЬСТВОВАНИЯ;;Мед.заключение на управление транспортным средством форма № 003-В/у (При себе иметь: заключения из психо- и нарко-диспансеров по месту жительства.): - категории С, C1, СЕ, C1E, D, D1, DE, D1E, Tm, Tb. (включая ЭЭГ);;;2500;;;
20;СПРАВКИ, ПРОФОСМОТРЫ, ЛМК, ОСВИДЕТЕЛЬСТВОВАНИЯ;;Мед.заключение на управление транспортным средством форма № 003-В/у (При себе иметь: заключения из психо- и нарко-диспансеров по месту жительства.):  категории С, C1, СЕ, C1E, D, D1, DE, D1E, Tm, Tb. (без ЭЭГ);;;1800;;;
20;СПРАВКИ, ПРОФОСМОТРЫ, ЛМК, ОСВИДЕТЕЛЬСТВОВАНИЯ;;  ЭЭГ(электроэнцефалография) ;;;1200;;;
20;СПРАВКИ, ПРОФОСМОТРЫ, ЛМК, ОСВИДЕТЕЛЬСТВОВАНИЯ;;"Мед.заключение к владению оружием ;  - заключение форма № 002-О/у При себе иметь: заключения из психо- и нарко-диспансеров по месту жительства.  + справку ф. № 003 О/у (химико-токсикологическое исследование)";;;1000;;;
20;СПРАВКИ, ПРОФОСМОТРЫ, ЛМК, ОСВИДЕТЕЛЬСТВОВАНИЯ;;ЭМИГРАНТЫ: Мед.заключение  об отсутствии заболевания наркоманией № 1890 (иностранцы) ;;;1300;;;
20;СПРАВКИ, ПРОФОСМОТРЫ, ЛМК, ОСВИДЕТЕЛЬСТВОВАНИЯ;;ЭМИГРАНТЫ: Освидетельствование иностранцев на инфекционные заболевания ф. №001-ИЗ;;;0;;;
20;СПРАВКИ, ПРОФОСМОТРЫ, ЛМК, ОСВИДЕТЕЛЬСТВОВАНИЯ;;ЭМИГРАНТЫ:Сертификат на отсутствие  ВИЧ;;;0;;;
20;СПРАВКИ, ПРОФОСМОТРЫ, ЛМК, ОСВИДЕТЕЛЬСТВОВАНИЯ;;Оформление медицинских книжек Медицинская книжка (ЛМК) — бланк;;;150;;;
20;СПРАВКИ, ПРОФОСМОТРЫ, ЛМК, ОСВИДЕТЕЛЬСТВОВАНИЯ;;Оформление медицинских книжек Гигиеническое обучение + аттестация;;;700;;;
20;СПРАВКИ, ПРОФОСМОТРЫ, ЛМК, ОСВИДЕТЕЛЬСТВОВАНИЯ;;Оформление медицинских книжек  Медицинский осмотр первичный (цена зависит от специальности);;;1850;;;
20;СПРАВКИ, ПРОФОСМОТРЫ, ЛМК, ОСВИДЕТЕЛЬСТВОВАНИЯ;;Оформление медицинских книжек  Медицинский осмотр первичный (цена зависит от специальности);;;2500;3650;;
20;СПРАВКИ, ПРОФОСМОТРЫ, ЛМК, ОСВИДЕТЕЛЬСТВОВАНИЯ;;Профосмотры по приказу № 302 (с оформлением паспорта здоровья) (цена зависит от проф.вредности) включая психиатра и психиатра-нарколога;;;2800;5350;;
20;СПРАВКИ, ПРОФОСМОТРЫ, ЛМК, ОСВИДЕТЕЛЬСТВОВАНИЯ;;Справка для абитуриентов форма №086/у (цена зависит от проф.вредности будущей специальности) включая психиатра и психиатра-нарколога;;;2800;5350;;
20;СПРАВКИ, ПРОФОСМОТРЫ, ЛМК, ОСВИДЕТЕЛЬСТВОВАНИЯ;;Справка для государственных  служащих форма №001 — ГС/у;;;2000;;;
20;СПРАВКИ, ПРОФОСМОТРЫ, ЛМК, ОСВИДЕТЕЛЬСТВОВАНИЯ;;Справка для работы с Государственной тайной  форма № 989н;;;2000;;;
20;СПРАВКИ, ПРОФОСМОТРЫ, ЛМК, ОСВИДЕТЕЛЬСТВОВАНИЯ;;Наркологическое освидетельствование (приложение к справке № 989н) ;;;1300;;;
20;СПРАВКИ, ПРОФОСМОТРЫ, ЛМК, ОСВИДЕТЕЛЬСТВОВАНИЯ;;Санаторно-курортная карта форма №072/у: мужчины    ;;;2500;;;
20;СПРАВКИ, ПРОФОСМОТРЫ, ЛМК, ОСВИДЕТЕЛЬСТВОВАНИЯ;;Санаторно-курортная карта форма №072/у: женщины     ;;;3000;;;
20;СПРАВКИ, ПРОФОСМОТРЫ, ЛМК, ОСВИДЕТЕЛЬСТВОВАНИЯ;;Санаторно-курортная карта форма №076/у  дети;;;2500;;;
20;СПРАВКИ, ПРОФОСМОТРЫ, ЛМК, ОСВИДЕТЕЛЬСТВОВАНИЯ;;Справка для получения путевки в санаторий форма № 070/у;;;1500;;;
20;СПРАВКИ, ПРОФОСМОТРЫ, ЛМК, ОСВИДЕТЕЛЬСТВОВАНИЯ;;Справка для ребенка, отъезжающего в оздоровительный лагерь фор. №079/у;;;2500;;;
20;СПРАВКИ, ПРОФОСМОТРЫ, ЛМК, ОСВИДЕТЕЛЬСТВОВАНИЯ;;Карта ребенка для оформления в дет/сад, школу форма № 026/у;;;4500;;;
20;СПРАВКИ, ПРОФОСМОТРЫ, ЛМК, ОСВИДЕТЕЛЬСТВОВАНИЯ;;СПРАВКА В БАССЕЙН: Взрослые (осмотр);;;1000;;;
20;СПРАВКИ, ПРОФОСМОТРЫ, ЛМК, ОСВИДЕТЕЛЬСТВОВАНИЯ;;СПРАВКА В БАССЕЙН: Дети  (осмотр)  анализ на энтеробиоз оплачивается дополнительно;;;1000;;;
1;ГЛАВНАЯ СТРАНИЦА РАЗДЕЛА;25;Аллерголог — иммунолог — прием первичный;;;1300;;;
1;ГЛАВНАЯ СТРАНИЦА РАЗДЕЛА;25;Аллерголог — иммунолог — прием повторный;;;1000;;;
1;ГЛАВНАЯ СТРАНИЦА РАЗДЕЛА;9;Гастроэнтеролог  — прием первичный;;;1300;;;
1;ГЛАВНАЯ СТРАНИЦА РАЗДЕЛА;9;Гастроэнтеролог — прием повторный;;;1000;;;
1;ГЛАВНАЯ СТРАНИЦА РАЗДЕЛА;6;Гинеколог — прием первичный;;;1300;;;
1;ГЛАВНАЯ СТРАНИЦА РАЗДЕЛА;6;Гинеколог — прием повторный;;;1000;;;
1;ГЛАВНАЯ СТРАНИЦА РАЗДЕЛА;6;Гинеколог — эндокринолог — прием первичный;;;1500;;;
1;ГЛАВНАЯ СТРАНИЦА РАЗДЕЛА;6;Гинеколог — эндокринолог —  прием повторный;;;1200;;;
1;ГЛАВНАЯ СТРАНИЦА РАЗДЕЛА;11;Дерматовенеролог — прием первичный;;;1300;;;
1;ГЛАВНАЯ СТРАНИЦА РАЗДЕЛА;11;Дерматовенеролог — прием повторный;;;1000;;;
1;ГЛАВНАЯ СТРАНИЦА РАЗДЕЛА;11;Дерматовенеролог -  кандидат медицинских наук — прием первичный;;;1500;;;
1;ГЛАВНАЯ СТРАНИЦА РАЗДЕЛА;11;Дерматовенеролог -  кандидат медицинских  наук — прием повторный;;;1200;;;
1;ГЛАВНАЯ СТРАНИЦА РАЗДЕЛА;21;Кардиолог — прием первичный (ЭКГ оплачивается дополнительно);;;1300;;;
1;ГЛАВНАЯ СТРАНИЦА РАЗДЕЛА;21;Кардиолог — прием повторный (ЭКГ оплачивается дополнительно);;;1000;;;
1;ГЛАВНАЯ СТРАНИЦА РАЗДЕЛА;;Логопед — прием первичный;;;1300;;;
1;ГЛАВНАЯ СТРАНИЦА РАЗДЕЛА;;Логопед — коррекция звукопроизношения — 1 занятие;;;1200;;;
1;ГЛАВНАЯ СТРАНИЦА РАЗДЕЛА;15;Маммолог — онколог прием первичный  (УЗИ оплачивается дополнительно);;;1300;;;
1;ГЛАВНАЯ СТРАНИЦА РАЗДЕЛА;15;Маммолог — онколог прием повторный (УЗИ оплачивается дополнительно);;;1000;;;
1;ГЛАВНАЯ СТРАНИЦА РАЗДЕЛА;15;Маммолог - специалист по грудному вскармливанию;;;1300;;;
1;ГЛАВНАЯ СТРАНИЦА РАЗДЕЛА;19;Мануальный терапевт, невролог, ортопед — доцент— прием  первичный;;;1300;;;
1;ГЛАВНАЯ СТРАНИЦА РАЗДЕЛА;19;Мануальный терапевт, невролог, ортопед — доцент— прием  повторный;;;1000;;;
1;ГЛАВНАЯ СТРАНИЦА РАЗДЕЛА;19;Мануальная терапия ( взрослые )— 1 сеанс;;;1300;;;
1;ГЛАВНАЯ СТРАНИЦА РАЗДЕЛА;19;Мануальная терапия ( дети до 12 лет) — 1 сеанс;;;650;;;
1;ГЛАВНАЯ СТРАНИЦА РАЗДЕЛА;24;Невролог — прием первичный;;;1300;;;
1;ГЛАВНАЯ СТРАНИЦА РАЗДЕЛА;24;Невролог — прием повторный;;;1000;;;
1;ГЛАВНАЯ СТРАНИЦА РАЗДЕЛА;13;Оториноларинголог (ЛОР) — прием первичный;;;1300;;;
1;ГЛАВНАЯ СТРАНИЦА РАЗДЕЛА;13;Оториноларинголог (ЛОР) — прием повторный;;;1000;;;
1;ГЛАВНАЯ СТРАНИЦА РАЗДЕЛА;14;Офтальмолог — прием первичный;;;1300;;;
1;ГЛАВНАЯ СТРАНИЦА РАЗДЕЛА;14;Офтальмолог — прием повторный;;;1000;;;
1;ГЛАВНАЯ СТРАНИЦА РАЗДЕЛА;22;Педиатр — прием первичный;;;1300;;;
1;ГЛАВНАЯ СТРАНИЦА РАЗДЕЛА;22;Педиатр — прием повторный (по этому же заболеванию в течении месяца);;;1000;;;
1;ГЛАВНАЯ СТРАНИЦА РАЗДЕЛА;22;Педиатр — ежемесячный осмотр детей 1-го года жизни с антропометрией, оценкой состояния и развития ребенка, врачебными рекомендациями.;;;1450;;;
1;ГЛАВНАЯ СТРАНИЦА РАЗДЕЛА;10;Проктолог — прем первичный;;;1300;;;
1;ГЛАВНАЯ СТРАНИЦА РАЗДЕЛА;10;Проктолог — прием повторный;;;1000;;;
1;ГЛАВНАЯ СТРАНИЦА РАЗДЕЛА;17;Психиатр — нарколог — прием первичный;;;1300;;;
1;ГЛАВНАЯ СТРАНИЦА РАЗДЕЛА;17;Психиатр — нарколог — прием повторный;;;1000;;;
1;ГЛАВНАЯ СТРАНИЦА РАЗДЕЛА;17;Психиатр — прием первичный;;;1300;;;
1;ГЛАВНАЯ СТРАНИЦА РАЗДЕЛА;17;Психиатр — прием повторный;;;1000;;;
1;ГЛАВНАЯ СТРАНИЦА РАЗДЕЛА;17;Психолог — прием первичный;;;1500;;;
1;ГЛАВНАЯ СТРАНИЦА РАЗДЕЛА;17;Психолог — прием повторный;;;1200;;;
1;ГЛАВНАЯ СТРАНИЦА РАЗДЕЛА;17;Психотерапевт — прием первичный;;;1300;;;
1;ГЛАВНАЯ СТРАНИЦА РАЗДЕЛА;17;Гипноз лечебный 1 сеанс;;;1800;5000;;
1;ГЛАВНАЯ СТРАНИЦА РАЗДЕЛА;18;Рефлексотерапевт, ортопед (иглоукалывание)— прием первичный;;;1300;;;
1;ГЛАВНАЯ СТРАНИЦА РАЗДЕЛА;18;Рефлексотерапевт, ортопед (иглоукалывание)  — прием повторный;;;1000;;;
1;ГЛАВНАЯ СТРАНИЦА РАЗДЕЛА;;Рефлексотерапевт (иглоукалывание) — 1 сеанс;;;1300;1500;;
1;ГЛАВНАЯ СТРАНИЦА РАЗДЕЛА;16;Терапевт — прием первичный;;;1300;;;
1;ГЛАВНАЯ СТРАНИЦА РАЗДЕЛА;16;Терапевт — прием повторный;;;1000;;;
1;ГЛАВНАЯ СТРАНИЦА РАЗДЕЛА;12;Уролог — прием первичный;;;1300;;;
1;ГЛАВНАЯ СТРАНИЦА РАЗДЕЛА;12;Уролог — прием повторный;;;1000;;;
1;ГЛАВНАЯ СТРАНИЦА РАЗДЕЛА;8;Хирург — прием первичный;;;1300;;;
1;ГЛАВНАЯ СТРАНИЦА РАЗДЕЛА;8;Хирург — прием повторный;;;1000;;;
1;ГЛАВНАЯ СТРАНИЦА РАЗДЕЛА;26;Эндокринолог — прием первичный;;;1500;;;
1;ГЛАВНАЯ СТРАНИЦА РАЗДЕЛА;26;Эндокринолог — прием повторный;;;1200;;;
1;ГЛАВНАЯ СТРАНИЦА РАЗДЕЛА;26;Эндокринолог — кандидат медицинских наук наук  — прием первичный ;;;2000;;;
1;ГЛАВНАЯ СТРАНИЦА РАЗДЕЛА;26;Эндокринолог — кандидат медицинских наук наук — прием повторный ;;;1500;;;
1;ГЛАВНАЯ СТРАНИЦА РАЗДЕЛА;;Экспертиза временной нетрудоспособности с оформлением больничного листа;;;550;;;
1;ГЛАВНАЯ СТРАНИЦА РАЗДЕЛА;;Экспертиза временной нетрудоспособности повторная  для продления больничного листа;;;300;;;